{
  "Routes": [
    {
      "DownstreamPathTemplate": "/api/Employees",
      "DownstreamScheme": "https",
      "DownstreamHostAndPorts": [
        {
          "Host": "localhost",
          "Port": 7031
        }
      ],
      "UpstreamPathTemplate": "/apigateway/EmployeeService",
      "UpstreamHttpMethod": [ "GET", "PUT", "POST", "DELETE" ]
    },
    {
      "DownstreamPathTemplate": "/api/Departments",
      "DownstreamScheme": "https",
      "DownstreamHostAndPorts": [
        {
          "Host": "localhost",
          "Port": 7262
        }
      ],
      "UpstreamPathTemplate": "/apigateway/DepartmentService",
      "UpstreamHttpMethod": [ "GET", "PUT", "POST", "DELETE" ]
    }
  ]
}
